-- phpMyAdmin SQL Dump
-- version 4.0.5
-- http://www.phpmyadmin.net
--
-- Hostiteľ: mysql5.hostmaster.sk
-- Vygenerované: Ne 16.Okt 2016, 12:51
-- Verzia serveru: 5.1.67
-- Verzia PHP: 5.3.3

SET SQL_MODE = "NO_AUTO_VALUE_ON_ZERO";
SET time_zone = "+00:00";


/*!40101 SET @OLD_CHARACTER_SET_CLIENT=@@CHARACTER_SET_CLIENT */;
/*!40101 SET @OLD_CHARACTER_SET_RESULTS=@@CHARACTER_SET_RESULTS */;
/*!40101 SET @OLD_COLLATION_CONNECTION=@@COLLATION_CONNECTION */;
/*!40101 SET NAMES utf8 */;

--
-- Databáza: `hq007701db`
--

-- --------------------------------------------------------

--
-- Štruktúra tabuľky pre tabuľku `Bonusy`
--

CREATE TABLE IF NOT EXISTS `Bonusy` (
  `ID` int(10) NOT NULL AUTO_INCREMENT,
  `UveryId` int(10) NOT NULL,
  `Nazov` varchar(20) COLLATE utf8_slovak_ci NOT NULL,
  `Vacsi_ako` decimal(19,4) NOT NULL,
  `Vyska_bonusu` decimal(19,4) NOT NULL,
  `Poradie_bonusu` int(10) NOT NULL,
  `MultiplikatorID` int(10) NOT NULL,
  `CoPorovnavamID` int(10) NOT NULL,
  PRIMARY KEY (`ID`),
  KEY `FKBonusy990495` (`UveryId`),
  KEY `FKBonusy187348` (`MultiplikatorID`),
  KEY `FKBonusy233713` (`CoPorovnavamID`)
) ENGINE=MyISAM  DEFAULT CHARSET=utf8 COLLATE=utf8_slovak_ci AUTO_INCREMENT=29 ;

-- --------------------------------------------------------

--
-- Štruktúra tabuľky pre tabuľku `CoPorovnavam`
--

CREATE TABLE IF NOT EXISTS `CoPorovnavam` (
  `id` int(10) NOT NULL AUTO_INCREMENT,
  `Nazov` varchar(10) COLLATE utf8_slovak_ci NOT NULL,
  PRIMARY KEY (`id`)
) ENGINE=MyISAM  DEFAULT CHARSET=utf8 COLLATE=utf8_slovak_ci AUTO_INCREMENT=4 ;

--
-- Sťahujem dáta pre tabuľku `CoPorovnavam`
--

INSERT INTO `CoPorovnavam` (`id`, `Nazov`) VALUES
(1, 'PMP'),
(2, 'Suma'),
(3, 'PMZ');

-- --------------------------------------------------------

--
-- Štruktúra tabuľky pre tabuľku `Klient`
--

CREATE TABLE IF NOT EXISTS `Klient` (
  `ID` int(10) NOT NULL AUTO_INCREMENT,
  `Meno` varchar(35) COLLATE utf8_slovak_ci NOT NULL,
  `Priezvisko` varchar(35) COLLATE utf8_slovak_ci NOT NULL,
  `C_Karty` int(10) NOT NULL,
  `Dat_nar` date NOT NULL,
  `Rodne_cislo` varchar(10) COLLATE utf8_slovak_ci NOT NULL,
  `C_preukazu` varchar(10) COLLATE utf8_slovak_ci NOT NULL,
  PRIMARY KEY (`ID`),
  UNIQUE KEY `Meno` (`Meno`,`Priezvisko`,`Rodne_cislo`,`C_preukazu`)
) ENGINE=MyISAM  DEFAULT CHARSET=utf8 COLLATE=utf8_slovak_ci AUTO_INCREMENT=1831041 ;

--
-- Sťahujem dáta pre tabuľku `Klient`
--

INSERT INTO `Klient` (`ID`, `Meno`, `Priezvisko`, `C_Karty`, `Dat_nar`, `Rodne_cislo`, `C_preukazu`) VALUES
(1, 'Drahoslav', 'Bučko', 307318348, '1976-03-21', '7603217379', 'Q1HF60QEJ4'),
(2, 'Severín', 'Líška', 1507141496, '1988-03-18', '8803189840', 'SP5AT71CNM'),
(3, 'Alexej', 'Bednár', 10255010, '1956-03-27', '5603273876', 'C2P4YMNROI'),
(4, 'Ernest', 'Šesták', 1841830390, '1983-11-01', '8311016650', 'WYQC442133'),
(5, 'Rastislav', 'Kubica', 819429122, '1994-06-24', '9406245476', '390WCORV33');

-- --------------------------------------------------------

--
-- Štruktúra tabuľky pre tabuľku `Multiplikator`
--

CREATE TABLE IF NOT EXISTS `Multiplikator` (
  `id` int(10) NOT NULL AUTO_INCREMENT,
  `Nazov` varchar(10) COLLATE utf8_slovak_ci NOT NULL,
  PRIMARY KEY (`id`)
) ENGINE=MyISAM  DEFAULT CHARSET=utf8 COLLATE=utf8_slovak_ci AUTO_INCREMENT=4 ;

--
-- Sťahujem dáta pre tabuľku `Multiplikator`
--

INSERT INTO `Multiplikator` (`id`, `Nazov`) VALUES
(1, '+'),
(2, '-'),
(3, '*');

-- --------------------------------------------------------

--
-- Štruktúra tabuľky pre tabuľku `Pohyby`
--

CREATE TABLE IF NOT EXISTS `Pohyby` (
  `ID` int(10) NOT NULL AUTO_INCREMENT,
  `UcetID` int(10) NOT NULL,
  `KamIBAN` varchar(30) COLLATE utf8_slovak_ci NOT NULL,
  `Suma` decimal(19,4) NOT NULL,
  `Datum` date NOT NULL,
  `Spracovane` tinyint(1) NOT NULL,
  PRIMARY KEY (`ID`),
  KEY `FKPohyby756014` (`UcetID`)
) ENGINE=MyISAM  DEFAULT CHARSET=utf8 COLLATE=utf8_slovak_ci AUTO_INCREMENT=40891 ;

--
-- Sťahujem dáta pre tabuľku `Pohyby`
--

INSERT INTO `Pohyby` (`ID`, `UcetID`, `KamIBAN`, `Suma`, `Datum`, `Spracovane`) VALUES
(40318, 1, 'SK5509000000005046421006', '-54.8300', '2014-12-01', 1),
(40319, 1, 'SK5509000000005046421006', '-47.0000', '2014-12-04', 1),
(40320, 1, 'SK5509000000005046421006', '-58.0600', '2014-12-07', 1),
(40321, 1, 'SK5509000000005046421006', '-44.8600', '2014-12-10', 1),
(40322, 1, 'SK5509000000005046421006', '987.0000', '2014-12-13', 1),
(40323, 1, 'SK5509000000005046421006', '-47.0000', '2014-12-16', 1),
(40324, 1, 'SK5509000000005046421006', '-54.8300', '2014-12-19', 1),
(40325, 1, 'SK5509000000005046421006', '-58.0600', '2014-12-22', 1),
(40326, 1, 'SK5509000000005046421006', '-61.6900', '2014-12-25', 1),
(40327, 1, 'SK5509000000005046421006', '-51.9500', '2014-12-28', 1),
(40328, 1, 'SK5509000000005046421006', '-42.9100', '2014-12-31', 1),
(40329, 1, 'SK5509000000005046421006', '-65.8000', '2015-01-03', 1),
(40330, 1, 'SK5509000000005046421006', '-47.0000', '2015-01-06', 1),
(40331, 1, 'SK5509000000005046421006', '-49.3500', '2015-01-09', 1),
(40332, 1, 'SK5509000000005046421006', '987.0000', '2015-01-12', 1),
(40333, 1, 'SK5509000000005046421006', '-42.9100', '2015-01-15', 1),
(40334, 1, 'SK5509000000005046421006', '-42.9100', '2015-01-18', 1),
(40335, 1, 'SK5509000000005046421006', '-49.3500', '2015-01-21', 1),
(40336, 1, 'SK5509000000005046421006', '-54.8300', '2015-01-24', 1),
(40337, 1, 'SK5509000000005046421006', '-65.8000', '2015-01-27', 1),
(40338, 1, 'SK5509000000005046421006', '-61.6900', '2015-01-30', 1),
(40339, 1, 'SK5509000000005046421006', '-61.6900', '2015-02-02', 1),
(40340, 1, 'SK5509000000005046421006', '-61.6900', '2015-02-05', 1),
(40341, 1, 'SK5509000000005046421006', '-41.1300', '2015-02-08', 1),
(40342, 1, 'SK5509000000005046421006', '-42.9100', '2015-02-11', 1),
(40343, 1, 'SK5509000000005046421006', '987.0000', '2015-02-14', 1),
(40344, 1, 'SK5509000000005046421006', '-51.9500', '2015-02-17', 1),
(40345, 1, 'SK5509000000005046421006', '-51.9500', '2015-02-20', 1),
(40346, 1, 'SK5509000000005046421006', '-42.9100', '2015-02-23', 1),
(40347, 1, 'SK5509000000005046421006', '-54.8300', '2015-02-26', 1),
(40348, 1, 'SK5509000000005046421006', '-42.9100', '2015-03-01', 1),
(40349, 1, 'SK5509000000005046421006', '-41.1300', '2015-03-04', 1),
(40350, 1, 'SK5509000000005046421006', '-54.8300', '2015-03-07', 1),
(40351, 1, 'SK5509000000005046421006', '-65.8000', '2015-03-10', 1),
(40352, 1, 'SK5509000000005046421006', '987.0000', '2015-03-13', 1),
(40353, 1, 'SK5509000000005046421006', '-49.3500', '2015-03-16', 1),
(40354, 1, 'SK5509000000005046421006', '-47.0000', '2015-03-19', 1),
(40355, 1, 'SK5509000000005046421006', '-44.8600', '2015-03-22', 1),
(40356, 1, 'SK5509000000005046421006', '-58.0600', '2015-03-25', 1),
(40357, 1, 'SK5509000000005046421006', '-42.9100', '2015-03-28', 1),
(40358, 1, 'SK5509000000005046421006', '-44.8600', '2015-03-31', 1),
(40359, 1, 'SK5509000000005046421006', '-49.3500', '2015-04-03', 1),
(40360, 1, 'SK5509000000005046421006', '-61.6900', '2015-04-06', 1),
(40361, 1, 'SK5509000000005046421006', '-61.6900', '2015-04-09', 1),
(40362, 1, 'SK5509000000005046421006', '987.0000', '2015-04-12', 1),
(40363, 1, 'SK5509000000005046421006', '-61.6900', '2015-04-15', 1),
(40364, 1, 'SK5509000000005046421006', '-51.9500', '2015-04-18', 1),
(40365, 1, 'SK5509000000005046421006', '-61.6900', '2015-04-21', 1),
(40366, 1, 'SK5509000000005046421006', '-58.0600', '2015-04-24', 1),
(40367, 1, 'SK5509000000005046421006', '-47.0000', '2015-04-27', 1),
(40368, 1, 'SK5509000000005046421006', '-49.3500', '2015-04-30', 1),
(40369, 1, 'SK5509000000005046421006', '-42.9100', '2015-05-03', 1),
(40370, 1, 'SK5509000000005046421006', '-58.0600', '2015-05-06', 1),
(40371, 1, 'SK5509000000005046421006', '-246.7500', '2015-05-09', 1),
(40372, 1, 'SK5509000000005046421006', '987.0000', '2015-05-12', 1),
(40373, 1, 'SK5509000000005046421006', '-47.0000', '2015-05-15', 1),
(40374, 1, 'SK5509000000005046421006', '-51.9500', '2015-05-18', 1),
(40375, 1, 'SK5509000000005046421006', '-51.9500', '2015-05-21', 1),
(40376, 1, 'SK5509000000005046421006', '-58.0600', '2015-05-24', 1),
(40377, 1, 'SK5509000000005046421006', '-47.0000', '2015-05-27', 1),
(40378, 1, 'SK5509000000005046421006', '-41.1300', '2015-05-30', 1),
(40379, 1, 'SK5509000000005046421006', '-44.8600', '2015-06-02', 1),
(40380, 1, 'SK5509000000005046421006', '-41.1300', '2015-06-05', 1),
(40381, 1, 'SK5509000000005046421006', '-41.1300', '2015-06-08', 1),
(40382, 1, 'SK5509000000005046421006', '-49.3500', '2015-06-11', 1),
(40383, 1, 'SK5509000000005046421006', '987.0000', '2015-06-14', 1),
(40384, 1, 'SK5509000000005046421006', '-61.6900', '2015-06-17', 1),
(40385, 1, 'SK5509000000005046421006', '-54.8300', '2015-06-20', 1),
(40386, 1, 'SK5509000000005046421006', '-246.7500', '2015-06-23', 1),
(40387, 1, 'SK5509000000005046421006', '-61.6900', '2015-06-26', 1),
(40388, 1, 'SK5509000000005046421006', '-49.3500', '2015-06-29', 1),
(40389, 1, 'SK5509000000005046421006', '-49.3500', '2015-07-02', 1),
(40390, 1, 'SK5509000000005046421006', '-58.0600', '2015-07-05', 1),
(40391, 1, 'SK5509000000005046421006', '-49.3500', '2015-07-08', 1),
(40392, 1, 'SK5509000000005046421006', '-65.8000', '2015-07-11', 1),
(40393, 1, 'SK5509000000005046421006', '987.0000', '2015-07-14', 1),
(40394, 1, 'SK5509000000005046421006', '-44.8600', '2015-07-17', 1),
(40395, 1, 'SK5509000000005046421006', '-58.0600', '2015-07-20', 1),
(40396, 1, 'SK5509000000005046421006', '-58.0600', '2015-07-23', 1),
(40397, 1, 'SK5509000000005046421006', '-61.6900', '2015-07-26', 1),
(40398, 1, 'SK5509000000005046421006', '-54.8300', '2015-07-29', 1),
(40399, 1, 'SK5509000000005046421006', '-58.0600', '2015-08-01', 1),
(40400, 1, 'SK5509000000005046421006', '-61.6900', '2015-08-04', 1),
(40401, 1, 'SK5509000000005046421006', '-42.9100', '2015-08-07', 1),
(40402, 1, 'SK5509000000005046421006', '-44.8600', '2015-08-10', 1),
(40403, 1, 'SK5509000000005046421006', '987.0000', '2015-08-13', 1),
(40404, 1, 'SK5509000000005046421006', '-47.0000', '2015-08-16', 1),
(40405, 1, 'SK5509000000005046421006', '-49.3500', '2015-08-19', 1),
(40406, 1, 'SK5509000000005046421006', '-42.9100', '2015-08-22', 1),
(40407, 1, 'SK5509000000005046421006', '-58.0600', '2015-08-25', 1),
(40408, 1, 'SK5509000000005046421006', '-47.0000', '2015-08-28', 1),
(40409, 1, 'SK5509000000005046421006', '-44.8600', '2015-08-31', 1),
(40410, 1, 'SK5509000000005046421006', '-54.8300', '2015-09-03', 1),
(40411, 1, 'SK5509000000005046421006', '-61.6900', '2015-09-06', 1),
(40412, 1, 'SK5509000000005046421006', '-47.0000', '2015-09-09', 1),
(40413, 1, 'SK5509000000005046421006', '987.0000', '2015-09-12', 1),
(40414, 1, 'SK5509000000005046421006', '-61.6900', '2015-09-15', 1),
(40415, 1, 'SK5509000000005046421006', '-44.8600', '2015-09-18', 1),
(40416, 1, 'SK5509000000005046421006', '-51.9500', '2015-09-21', 1),
(40417, 1, 'SK5509000000005046421006', '-41.1300', '2015-09-24', 1),
(40418, 1, 'SK5509000000005046421006', '-51.9500', '2015-09-27', 1),
(40419, 1, 'SK5509000000005046421006', '-54.8300', '2015-09-30', 1),
(40420, 1, 'SK5509000000005046421006', '-51.9500', '2015-10-03', 1),
(40421, 1, 'SK5509000000005046421006', '-65.8000', '2015-10-06', 1),
(40422, 1, 'SK5509000000005046421006', '-47.0000', '2015-10-09', 1),
(40423, 1, 'SK5509000000005046421006', '987.0000', '2015-10-12', 1),
(40424, 1, 'SK5509000000005046421006', '-41.1300', '2015-10-15', 1),
(40425, 1, 'SK5509000000005046421006', '-51.9500', '2015-10-18', 1),
(40426, 1, 'SK5509000000005046421006', '-44.8600', '2015-10-21', 1),
(40427, 1, 'SK5509000000005046421006', '-51.9500', '2015-10-24', 1),
(40428, 1, 'SK5509000000005046421006', '-246.7500', '2015-10-27', 1),
(40429, 1, 'SK5509000000005046421006', '-65.8000', '2015-10-30', 1),
(40430, 1, 'SK5509000000005046421006', '-47.0000', '2015-11-02', 1),
(40431, 1, 'SK5509000000005046421006', '-44.8600', '2015-11-05', 1),
(40432, 1, 'SK5509000000005046421006', '-42.9100', '2015-11-08', 1),
(40433, 1, 'SK5509000000005046421006', '-49.3500', '2015-11-11', 1),
(40434, 1, 'SK5509000000005046421006', '987.0000', '2015-11-14', 1),
(40435, 1, 'SK5509000000005046421006', '-41.1300', '2015-11-17', 1),
(40436, 1, 'SK5509000000005046421006', '-41.1300', '2015-11-20', 1),
(40437, 1, 'SK5509000000005046421006', '-51.9500', '2015-11-23', 1),
(40438, 1, 'SK5509000000005046421006', '-41.1300', '2015-11-26', 1),
(40439, 1, 'SK5509000000005046421006', '-42.9100', '2015-11-29', 1),
(40440, 2, 'SK5509000000005046421006', '-62.5800', '2014-12-01', 1),
(40441, 2, 'SK5509000000005046421006', '-74.3100', '2014-12-04', 1),
(40442, 2, 'SK5509000000005046421006', '-56.6200', '2014-12-07', 1),
(40443, 2, 'SK5509000000005046421006', '-62.5800', '2014-12-10', 1),
(40444, 2, 'SK5509000000005046421006', '1189.0000', '2014-12-13', 1),
(40445, 2, 'SK5509000000005046421006', '-49.5400', '2014-12-16', 1),
(40446, 2, 'SK5509000000005046421006', '-69.9400', '2014-12-19', 1),
(40447, 2, 'SK5509000000005046421006', '-79.2700', '2014-12-22', 1),
(40448, 2, 'SK5509000000005046421006', '-54.0500', '2014-12-25', 1),
(40449, 2, 'SK5509000000005046421006', '-54.0500', '2014-12-28', 1),
(40450, 2, 'SK5509000000005046421006', '-74.3100', '2014-12-31', 1),
(40451, 2, 'SK5509000000005046421006', '-49.5400', '2015-01-03', 1),
(40452, 2, 'SK5509000000005046421006', '-56.6200', '2015-01-06', 1),
(40453, 2, 'SK5509000000005046421006', '-66.0600', '2015-01-09', 1),
(40454, 2, 'SK5509000000005046421006', '1189.0000', '2015-01-12', 1),
(40455, 2, 'SK5509000000005046421006', '-69.9400', '2015-01-15', 1),
(40456, 2, 'SK5509000000005046421006', '-59.4500', '2015-01-18', 1),
(40457, 2, 'SK5509000000005046421006', '-56.6200', '2015-01-21', 1),
(40458, 2, 'SK5509000000005046421006', '-51.7000', '2015-01-24', 1),
(40459, 2, 'SK5509000000005046421006', '-54.0500', '2015-01-27', 1),
(40460, 2, 'SK5509000000005046421006', '-69.9400', '2015-01-30', 1),
(40461, 2, 'SK5509000000005046421006', '-59.4500', '2015-02-02', 1),
(40462, 2, 'SK5509000000005046421006', '-59.4500', '2015-02-05', 1),
(40463, 2, 'SK5509000000005046421006', '-74.3100', '2015-02-08', 1),
(40464, 2, 'SK5509000000005046421006', '-79.2700', '2015-02-11', 1),
(40465, 2, 'SK5509000000005046421006', '1189.0000', '2015-02-14', 1),
(40466, 2, 'SK5509000000005046421006', '-49.5400', '2015-02-17', 1),
(40467, 2, 'SK5509000000005046421006', '-62.5800', '2015-02-20', 1),
(40468, 2, 'SK5509000000005046421006', '-49.5400', '2015-02-23', 1),
(40469, 2, 'SK5509000000005046421006', '-69.9400', '2015-02-26', 1),
(40470, 2, 'SK5509000000005046421006', '-79.2700', '2015-03-01', 1),
(40471, 2, 'SK5509000000005046421006', '-59.4500', '2015-03-04', 1),
(40472, 2, 'SK5509000000005046421006', '-69.9400', '2015-03-07', 1),
(40473, 2, 'SK5509000000005046421006', '-56.6200', '2015-03-10', 1),
(40474, 2, 'SK5509000000005046421006', '1189.0000', '2015-03-13', 1),
(40475, 2, 'SK5509000000005046421006', '-74.3100', '2015-03-16', 1),
(40476, 2, 'SK5509000000005046421006', '-74.3100', '2015-03-19', 1),
(40477, 2, 'SK5509000000005046421006', '-51.7000', '2015-03-22', 1),
(40478, 2, 'SK5509000000005046421006', '-69.9400', '2015-03-25', 1),
(40479, 2, 'SK5509000000005046421006', '-69.9400', '2015-03-28', 1),
(40480, 2, 'SK5509000000005046421006', '-51.7000', '2015-03-31', 1),
(40481, 2, 'SK5509000000005046421006', '-66.0600', '2015-04-03', 1),
(40482, 2, 'SK5509000000005046421006', '-62.5800', '2015-04-06', 1),
(40483, 2, 'SK5509000000005046421006', '-56.6200', '2015-04-09', 1),
(40484, 2, 'SK5509000000005046421006', '1189.0000', '2015-04-12', 1),
(40485, 2, 'SK5509000000005046421006', '-62.5800', '2015-04-15', 1),
(40486, 2, 'SK5509000000005046421006', '-79.2700', '2015-04-18', 1),
(40487, 2, 'SK5509000000005046421006', '-297.2500', '2015-04-21', 1),
(40488, 2, 'SK5509000000005046421006', '-66.0600', '2015-04-24', 1),
(40489, 2, 'SK5509000000005046421006', '-69.9400', '2015-04-27', 1),
(40490, 2, 'SK5509000000005046421006', '-54.0500', '2015-04-30', 1),
(40491, 2, 'SK5509000000005046421006', '-74.3100', '2015-05-03', 1),
(40492, 2, 'SK5509000000005046421006', '-79.2700', '2015-05-06', 1),
(40493, 2, 'SK5509000000005046421006', '-54.0500', '2015-05-09', 1),
(40494, 2, 'SK5509000000005046421006', '1189.0000', '2015-05-12', 1),
(40495, 2, 'SK5509000000005046421006', '-54.0500', '2015-05-15', 1),
(40496, 2, 'SK5509000000005046421006', '-54.0500', '2015-05-18', 1),
(40497, 2, 'SK5509000000005046421006', '-49.5400', '2015-05-21', 1),
(40498, 2, 'SK5509000000005046421006', '-54.0500', '2015-05-24', 1),
(40499, 2, 'SK5509000000005046421006', '-66.0600', '2015-05-27', 1),
(40500, 2, 'SK5509000000005046421006', '-51.7000', '2015-05-30', 1),
(40501, 2, 'SK5509000000005046421006', '-74.3100', '2015-06-02', 1),
(40502, 2, 'SK5509000000005046421006', '-66.0600', '2015-06-05', 1),
(40503, 2, 'SK5509000000005046421006', '-79.2700', '2015-06-08', 1),
(40504, 2, 'SK5509000000005046421006', '-59.4500', '2015-06-11', 1),
(40505, 2, 'SK5509000000005046421006', '1189.0000', '2015-06-14', 1),
(40506, 2, 'SK5509000000005046421006', '-62.5800', '2015-06-17', 1),
(40507, 2, 'SK5509000000005046421006', '-66.0600', '2015-06-20', 1),
(40508, 2, 'SK5509000000005046421006', '-69.9400', '2015-06-23', 1),
(40509, 2, 'SK5509000000005046421006', '-79.2700', '2015-06-26', 1),
(40510, 2, 'SK5509000000005046421006', '-297.2500', '2015-06-29', 1),
(40511, 2, 'SK5509000000005046421006', '-66.0600', '2015-07-02', 1),
(40512, 2, 'SK5509000000005046421006', '-69.9400', '2015-07-05', 1),
(40513, 2, 'SK5509000000005046421006', '-59.4500', '2015-07-08', 1),
(40514, 2, 'SK5509000000005046421006', '-51.7000', '2015-07-11', 1),
(40515, 2, 'SK5509000000005046421006', '1189.0000', '2015-07-14', 1),
(40516, 2, 'SK5509000000005046421006', '-74.3100', '2015-07-17', 1),
(40517, 2, 'SK5509000000005046421006', '-66.0600', '2015-07-20', 1),
(40518, 2, 'SK5509000000005046421006', '-56.6200', '2015-07-23', 1),
(40519, 2, 'SK5509000000005046421006', '-54.0500', '2015-07-26', 1),
(40520, 2, 'SK5509000000005046421006', '-51.7000', '2015-07-29', 1),
(40521, 2, 'SK5509000000005046421006', '-59.4500', '2015-08-01', 1),
(40522, 2, 'SK5509000000005046421006', '-49.5400', '2015-08-04', 1),
(40523, 2, 'SK5509000000005046421006', '-59.4500', '2015-08-07', 1),
(40524, 2, 'SK5509000000005046421006', '-51.7000', '2015-08-10', 1),
(40525, 2, 'SK5509000000005046421006', '1189.0000', '2015-08-13', 1),
(40526, 2, 'SK5509000000005046421006', '-59.4500', '2015-08-16', 1),
(40527, 2, 'SK5509000000005046421006', '-54.0500', '2015-08-19', 1),
(40528, 2, 'SK5509000000005046421006', '-66.0600', '2015-08-22', 1),
(40529, 2, 'SK5509000000005046421006', '-51.7000', '2015-08-25', 1),
(40530, 2, 'SK5509000000005046421006', '-79.2700', '2015-08-28', 1),
(40531, 2, 'SK5509000000005046421006', '-49.5400', '2015-08-31', 1),
(40532, 2, 'SK5509000000005046421006', '-59.4500', '2015-09-03', 1),
(40533, 2, 'SK5509000000005046421006', '-66.0600', '2015-09-06', 1),
(40534, 2, 'SK5509000000005046421006', '-79.2700', '2015-09-09', 1),
(40535, 2, 'SK5509000000005046421006', '1189.0000', '2015-09-12', 1),
(40536, 2, 'SK5509000000005046421006', '-79.2700', '2015-09-15', 1),
(40537, 2, 'SK5509000000005046421006', '-56.6200', '2015-09-18', 1),
(40538, 2, 'SK5509000000005046421006', '-69.9400', '2015-09-21', 1),
(40539, 2, 'SK5509000000005046421006', '-59.4500', '2015-09-24', 1),
(40540, 2, 'SK5509000000005046421006', '-59.4500', '2015-09-27', 1),
(40541, 2, 'SK5509000000005046421006', '-54.0500', '2015-09-30', 1),
(40542, 2, 'SK5509000000005046421006', '-74.3100', '2015-10-03', 1),
(40543, 2, 'SK5509000000005046421006', '-297.2500', '2015-10-06', 1),
(40544, 2, 'SK5509000000005046421006', '-51.7000', '2015-10-09', 1),
(40545, 2, 'SK5509000000005046421006', '1189.0000', '2015-10-12', 1),
(40546, 2, 'SK5509000000005046421006', '-62.5800', '2015-10-15', 1),
(40547, 2, 'SK5509000000005046421006', '-51.7000', '2015-10-18', 1),
(40548, 2, 'SK5509000000005046421006', '-49.5400', '2015-10-21', 1),
(40549, 2, 'SK5509000000005046421006', '-59.4500', '2015-10-24', 1),
(40550, 2, 'SK5509000000005046421006', '-54.0500', '2015-10-27', 1),
(40551, 2, 'SK5509000000005046421006', '-62.5800', '2015-10-30', 1),
(40552, 2, 'SK5509000000005046421006', '-62.5800', '2015-11-02', 1),
(40553, 2, 'SK5509000000005046421006', '-69.9400', '2015-11-05', 1),
(40554, 2, 'SK5509000000005046421006', '-62.5800', '2015-11-08', 1),
(40555, 2, 'SK5509000000005046421006', '-79.2700', '2015-11-11', 1),
(40556, 2, 'SK5509000000005046421006', '1189.0000', '2015-11-14', 1),
(40557, 2, 'SK5509000000005046421006', '-62.5800', '2015-11-17', 1),
(40558, 2, 'SK5509000000005046421006', '-69.9400', '2015-11-20', 1),
(40559, 2, 'SK5509000000005046421006', '-54.0500', '2015-11-23', 1),
(40560, 2, 'SK5509000000005046421006', '-62.5800', '2015-11-26', 1),
(40561, 2, 'SK5509000000005046421006', '-62.5800', '2015-11-29', 1),
(40562, 3, 'SK5509000000005046421006', '-64.2000', '2014-12-01', 1),
(40563, 3, 'SK5509000000005046421006', '-64.2000', '2014-12-04', 1),
(40564, 3, 'SK5509000000005046421006', '-48.1500', '2014-12-07', 1),
(40565, 3, 'SK5509000000005046421006', '-40.1300', '2014-12-10', 1),
(40566, 3, 'SK5509000000005046421006', '963.0000', '2014-12-13', 1),
(40567, 3, 'SK5509000000005046421006', '-56.6500', '2014-12-16', 1),
(40568, 3, 'SK5509000000005046421006', '-60.1900', '2014-12-19', 1),
(40569, 3, 'SK5509000000005046421006', '-64.2000', '2014-12-22', 1),
(40570, 3, 'SK5509000000005046421006', '-48.1500', '2014-12-25', 1),
(40571, 3, 'SK5509000000005046421006', '-64.2000', '2014-12-28', 1),
(40572, 3, 'SK5509000000005046421006', '-43.7700', '2014-12-31', 1),
(40573, 3, 'SK5509000000005046421006', '-41.8700', '2015-01-03', 1),
(40574, 3, 'SK5509000000005046421006', '-45.8600', '2015-01-06', 1),
(40575, 3, 'SK5509000000005046421006', '-41.8700', '2015-01-09', 1),
(40576, 3, 'SK5509000000005046421006', '963.0000', '2015-01-12', 1),
(40577, 3, 'SK5509000000005046421006', '-60.1900', '2015-01-15', 1),
(40578, 3, 'SK5509000000005046421006', '-41.8700', '2015-01-18', 1),
(40579, 3, 'SK5509000000005046421006', '-60.1900', '2015-01-21', 1),
(40580, 3, 'SK5509000000005046421006', '-56.6500', '2015-01-24', 1),
(40581, 3, 'SK5509000000005046421006', '-50.6800', '2015-01-27', 1),
(40582, 3, 'SK5509000000005046421006', '-45.8600', '2015-01-30', 1),
(40583, 3, 'SK5509000000005046421006', '-40.1300', '2015-02-02', 1),
(40584, 3, 'SK5509000000005046421006', '-53.5000', '2015-02-05', 1),
(40585, 3, 'SK5509000000005046421006', '-64.2000', '2015-02-08', 1),
(40586, 3, 'SK5509000000005046421006', '-43.7700', '2015-02-11', 1),
(40587, 3, 'SK5509000000005046421006', '963.0000', '2015-02-14', 1),
(40588, 3, 'SK5509000000005046421006', '-56.6500', '2015-02-17', 1),
(40589, 3, 'SK5509000000005046421006', '-56.6500', '2015-02-20', 1),
(40590, 3, 'SK5509000000005046421006', '-56.6500', '2015-02-23', 1),
(40591, 3, 'SK5509000000005046421006', '-60.1900', '2015-02-26', 1),
(40592, 3, 'SK5509000000005046421006', '-64.2000', '2015-03-01', 1),
(40593, 3, 'SK5509000000005046421006', '-48.1500', '2015-03-04', 1),
(40594, 3, 'SK5509000000005046421006', '-53.5000', '2015-03-07', 1),
(40595, 3, 'SK5509000000005046421006', '-40.1300', '2015-03-10', 1),
(40596, 3, 'SK5509000000005046421006', '963.0000', '2015-03-13', 1),
(40597, 3, 'SK5509000000005046421006', '-48.1500', '2015-03-16', 1),
(40598, 3, 'SK5509000000005046421006', '-40.1300', '2015-03-19', 1),
(40599, 3, 'SK5509000000005046421006', '-56.6500', '2015-03-22', 1),
(40600, 3, 'SK5509000000005046421006', '-53.5000', '2015-03-25', 1),
(40601, 3, 'SK5509000000005046421006', '-60.1900', '2015-03-28', 1),
(40602, 3, 'SK5509000000005046421006', '-60.1900', '2015-03-31', 1),
(40603, 3, 'SK5509000000005046421006', '-56.6500', '2015-04-03', 1),
(40604, 3, 'SK5509000000005046421006', '-40.1300', '2015-04-06', 1),
(40605, 3, 'SK5509000000005046421006', '-41.8700', '2015-04-09', 1),
(40606, 3, 'SK5509000000005046421006', '963.0000', '2015-04-12', 1),
(40607, 3, 'SK5509000000005046421006', '-64.2000', '2015-04-15', 1),
(40608, 3, 'SK5509000000005046421006', '-40.1300', '2015-04-18', 1),
(40609, 3, 'SK5509000000005046421006', '-53.5000', '2015-04-21', 1),
(40610, 3, 'SK5509000000005046421006', '-53.5000', '2015-04-24', 1),
(40611, 3, 'SK5509000000005046421006', '-60.1900', '2015-04-27', 1),
(40612, 3, 'SK5509000000005046421006', '-48.1500', '2015-04-30', 1),
(40613, 3, 'SK5509000000005046421006', '-41.8700', '2015-05-03', 1),
(40614, 3, 'SK5509000000005046421006', '-64.2000', '2015-05-06', 1),
(40615, 3, 'SK5509000000005046421006', '-50.6800', '2015-05-09', 1),
(40616, 3, 'SK5509000000005046421006', '963.0000', '2015-05-12', 1),
(40617, 3, 'SK5509000000005046421006', '-60.1900', '2015-05-15', 1),
(40618, 3, 'SK5509000000005046421006', '-64.2000', '2015-05-18', 1),
(40619, 3, 'SK5509000000005046421006', '-64.2000', '2015-05-21', 1),
(40620, 3, 'SK5509000000005046421006', '-41.8700', '2015-05-24', 1),
(40621, 3, 'SK5509000000005046421006', '-64.2000', '2015-05-27', 1),
(40622, 3, 'SK5509000000005046421006', '-60.1900', '2015-05-30', 1),
(40623, 3, 'SK5509000000005046421006', '-50.6800', '2015-06-02', 1),
(40624, 3, 'SK5509000000005046421006', '-43.7700', '2015-06-05', 1),
(40625, 3, 'SK5509000000005046421006', '-43.7700', '2015-06-08', 1),
(40626, 3, 'SK5509000000005046421006', '-53.5000', '2015-06-11', 1),
(40627, 3, 'SK5509000000005046421006', '963.0000', '2015-06-14', 1),
(40628, 3, 'SK5509000000005046421006', '-50.6800', '2015-06-17', 1),
(40629, 3, 'SK5509000000005046421006', '-43.7700', '2015-06-20', 1),
(40630, 3, 'SK5509000000005046421006', '-41.8700', '2015-06-23', 1),
(40631, 3, 'SK5509000000005046421006', '-50.6800', '2015-06-26', 1),
(40632, 3, 'SK5509000000005046421006', '-45.8600', '2015-06-29', 1),
(40633, 3, 'SK5509000000005046421006', '-40.1300', '2015-07-02', 1),
(40634, 3, 'SK5509000000005046421006', '-60.1900', '2015-07-05', 1),
(40635, 3, 'SK5509000000005046421006', '-64.2000', '2015-07-08', 1),
(40636, 3, 'SK5509000000005046421006', '-60.1900', '2015-07-11', 1),
(40637, 3, 'SK5509000000005046421006', '963.0000', '2015-07-14', 1),
(40638, 3, 'SK5509000000005046421006', '-64.2000', '2015-07-17', 1),
(40639, 3, 'SK5509000000005046421006', '-60.1900', '2015-07-20', 1),
(40640, 3, 'SK5509000000005046421006', '-53.5000', '2015-07-23', 1),
(40641, 3, 'SK5509000000005046421006', '-40.1300', '2015-07-26', 1),
(40642, 3, 'SK5509000000005046421006', '-60.1900', '2015-07-29', 1),
(40643, 3, 'SK5509000000005046421006', '-50.6800', '2015-08-01', 1),
(40644, 3, 'SK5509000000005046421006', '-41.8700', '2015-08-04', 1),
(40645, 3, 'SK5509000000005046421006', '-50.6800', '2015-08-07', 1),
(40646, 3, 'SK5509000000005046421006', '-41.8700', '2015-08-10', 1),
(40647, 3, 'SK5509000000005046421006', '963.0000', '2015-08-13', 1),
(40648, 3, 'SK5509000000005046421006', '-45.8600', '2015-08-16', 1),
(40649, 3, 'SK5509000000005046421006', '-43.7700', '2015-08-19', 1),
(40650, 3, 'SK5509000000005046421006', '-240.7500', '2015-08-22', 1),
(40651, 3, 'SK5509000000005046421006', '-56.6500', '2015-08-25', 1),
(40652, 3, 'SK5509000000005046421006', '-50.6800', '2015-08-28', 1),
(40653, 3, 'SK5509000000005046421006', '-40.1300', '2015-08-31', 1),
(40654, 3, 'SK5509000000005046421006', '-64.2000', '2015-09-03', 1),
(40655, 3, 'SK5509000000005046421006', '-48.1500', '2015-09-06', 1),
(40656, 3, 'SK5509000000005046421006', '-45.8600', '2015-09-09', 1),
(40657, 3, 'SK5509000000005046421006', '963.0000', '2015-09-12', 1),
(40658, 3, 'SK5509000000005046421006', '-56.6500', '2015-09-15', 1),
(40659, 3, 'SK5509000000005046421006', '-50.6800', '2015-09-18', 1),
(40660, 3, 'SK5509000000005046421006', '-50.6800', '2015-09-21', 1),
(40661, 3, 'SK5509000000005046421006', '-40.1300', '2015-09-24', 1),
(40662, 3, 'SK5509000000005046421006', '-48.1500', '2015-09-27', 1),
(40663, 3, 'SK5509000000005046421006', '-56.6500', '2015-09-30', 1),
(40664, 3, 'SK5509000000005046421006', '-50.6800', '2015-10-03', 1),
(40665, 3, 'SK5509000000005046421006', '-48.1500', '2015-10-06', 1),
(40666, 3, 'SK5509000000005046421006', '-53.5000', '2015-10-09', 1),
(40667, 3, 'SK5509000000005046421006', '963.0000', '2015-10-12', 1),
(40668, 3, 'SK5509000000005046421006', '-53.5000', '2015-10-15', 1),
(40669, 3, 'SK5509000000005046421006', '-53.5000', '2015-10-18', 1),
(40670, 3, 'SK5509000000005046421006', '-50.6800', '2015-10-21', 1),
(40671, 3, 'SK5509000000005046421006', '-56.6500', '2015-10-24', 1),
(40672, 3, 'SK5509000000005046421006', '-40.1300', '2015-10-27', 1),
(40673, 3, 'SK5509000000005046421006', '-60.1900', '2015-10-30', 1),
(40674, 3, 'SK5509000000005046421006', '-56.6500', '2015-11-02', 1),
(40675, 3, 'SK5509000000005046421006', '-40.1300', '2015-11-05', 1),
(40676, 3, 'SK5509000000005046421006', '-50.6800', '2015-11-08', 1),
(40677, 3, 'SK5509000000005046421006', '-60.1900', '2015-11-11', 1),
(40678, 3, 'SK5509000000005046421006', '963.0000', '2015-11-14', 1),
(40679, 3, 'SK5509000000005046421006', '-45.8600', '2015-11-17', 1),
(40680, 3, 'SK5509000000005046421006', '-56.6500', '2015-11-20', 1),
(40681, 3, 'SK5509000000005046421006', '-41.8700', '2015-11-23', 1),
(40682, 3, 'SK5509000000005046421006', '-48.1500', '2015-11-26', 1),
(40683, 3, 'SK5509000000005046421006', '-41.8700', '2015-11-29', 1),
(40684, 4, 'SK5509000000005046421006', '-46.5700', '2014-12-01', 1),
(40685, 4, 'SK5509000000005046421006', '-66.9400', '2014-12-04', 1),
(40686, 4, 'SK5509000000005046421006', '-59.5000', '2014-12-07', 1),
(40687, 4, 'SK5509000000005046421006', '-44.6300', '2014-12-10', 1),
(40688, 4, 'SK5509000000005046421006', '1071.0000', '2014-12-13', 1),
(40689, 4, 'SK5509000000005046421006', '-66.9400', '2014-12-16', 1),
(40690, 4, 'SK5509000000005046421006', '-51.0000', '2014-12-19', 1),
(40691, 4, 'SK5509000000005046421006', '-53.5500', '2014-12-22', 1),
(40692, 4, 'SK5509000000005046421006', '-71.4000', '2014-12-25', 1),
(40693, 4, 'SK5509000000005046421006', '-53.5500', '2014-12-28', 1),
(40694, 4, 'SK5509000000005046421006', '-59.5000', '2014-12-31', 1),
(40695, 4, 'SK5509000000005046421006', '-267.7500', '2015-01-03', 1),
(40696, 4, 'SK5509000000005046421006', '-66.9400', '2015-01-06', 1),
(40697, 4, 'SK5509000000005046421006', '-63.0000', '2015-01-09', 1),
(40698, 4, 'SK5509000000005046421006', '1071.0000', '2015-01-12', 1),
(40699, 4, 'SK5509000000005046421006', '-46.5700', '2015-01-15', 1),
(40700, 4, 'SK5509000000005046421006', '-53.5500', '2015-01-18', 1),
(40701, 4, 'SK5509000000005046421006', '-51.0000', '2015-01-21', 1),
(40702, 4, 'SK5509000000005046421006', '-56.3700', '2015-01-24', 1),
(40703, 4, 'SK5509000000005046421006', '-63.0000', '2015-01-27', 1),
(40704, 4, 'SK5509000000005046421006', '-51.0000', '2015-01-30', 1),
(40705, 4, 'SK5509000000005046421006', '-71.4000', '2015-02-02', 1),
(40706, 4, 'SK5509000000005046421006', '-51.0000', '2015-02-05', 1),
(40707, 4, 'SK5509000000005046421006', '-53.5500', '2015-02-08', 1),
(40708, 4, 'SK5509000000005046421006', '-66.9400', '2015-02-11', 1),
(40709, 4, 'SK5509000000005046421006', '1071.0000', '2015-02-14', 1),
(40710, 4, 'SK5509000000005046421006', '-48.6800', '2015-02-17', 1),
(40711, 4, 'SK5509000000005046421006', '-59.5000', '2015-02-20', 1),
(40712, 4, 'SK5509000000005046421006', '-53.5500', '2015-02-23', 1),
(40713, 4, 'SK5509000000005046421006', '-48.6800', '2015-02-26', 1),
(40714, 4, 'SK5509000000005046421006', '-63.0000', '2015-03-01', 1),
(40715, 4, 'SK5509000000005046421006', '-48.6800', '2015-03-04', 1),
(40716, 4, 'SK5509000000005046421006', '-46.5700', '2015-03-07', 1),
(40717, 4, 'SK5509000000005046421006', '-46.5700', '2015-03-10', 1),
(40718, 4, 'SK5509000000005046421006', '1071.0000', '2015-03-13', 1),
(40719, 4, 'SK5509000000005046421006', '-51.0000', '2015-03-16', 1),
(40720, 4, 'SK5509000000005046421006', '-59.5000', '2015-03-19', 1),
(40721, 4, 'SK5509000000005046421006', '-71.4000', '2015-03-22', 1),
(40722, 4, 'SK5509000000005046421006', '-51.0000', '2015-03-25', 1),
(40723, 4, 'SK5509000000005046421006', '-63.0000', '2015-03-28', 1),
(40724, 4, 'SK5509000000005046421006', '-59.5000', '2015-03-31', 1),
(40725, 4, 'SK5509000000005046421006', '-44.6300', '2015-04-03', 1),
(40726, 4, 'SK5509000000005046421006', '-44.6300', '2015-04-06', 1),
(40727, 4, 'SK5509000000005046421006', '-59.5000', '2015-04-09', 1),
(40728, 4, 'SK5509000000005046421006', '1071.0000', '2015-04-12', 1),
(40729, 4, 'SK5509000000005046421006', '-63.0000', '2015-04-15', 1),
(40730, 4, 'SK5509000000005046421006', '-44.6300', '2015-04-18', 1),
(40731, 4, 'SK5509000000005046421006', '-51.0000', '2015-04-21', 1),
(40732, 4, 'SK5509000000005046421006', '-66.9400', '2015-04-24', 1),
(40733, 4, 'SK5509000000005046421006', '-71.4000', '2015-04-27', 1),
(40734, 4, 'SK5509000000005046421006', '-66.9400', '2015-04-30', 1),
(40735, 4, 'SK5509000000005046421006', '-71.4000', '2015-05-03', 1),
(40736, 4, 'SK5509000000005046421006', '-59.5000', '2015-05-06', 1),
(40737, 4, 'SK5509000000005046421006', '-59.5000', '2015-05-09', 1),
(40738, 4, 'SK5509000000005046421006', '1071.0000', '2015-05-12', 1),
(40739, 4, 'SK5509000000005046421006', '-53.5500', '2015-05-15', 1),
(40740, 4, 'SK5509000000005046421006', '-59.5000', '2015-05-18', 1),
(40741, 4, 'SK5509000000005046421006', '-44.6300', '2015-05-21', 1),
(40742, 4, 'SK5509000000005046421006', '-53.5500', '2015-05-24', 1),
(40743, 4, 'SK5509000000005046421006', '-44.6300', '2015-05-27', 1),
(40744, 4, 'SK5509000000005046421006', '-46.5700', '2015-05-30', 1),
(40745, 4, 'SK5509000000005046421006', '-51.0000', '2015-06-02', 1),
(40746, 4, 'SK5509000000005046421006', '-56.3700', '2015-06-05', 1),
(40747, 4, 'SK5509000000005046421006', '-66.9400', '2015-06-08', 1),
(40748, 4, 'SK5509000000005046421006', '-48.6800', '2015-06-11', 1),
(40749, 4, 'SK5509000000005046421006', '1071.0000', '2015-06-14', 1),
(40750, 4, 'SK5509000000005046421006', '-48.6800', '2015-06-17', 1),
(40751, 4, 'SK5509000000005046421006', '-48.6800', '2015-06-20', 1),
(40752, 4, 'SK5509000000005046421006', '-66.9400', '2015-06-23', 1),
(40753, 4, 'SK5509000000005046421006', '-66.9400', '2015-06-26', 1),
(40754, 4, 'SK5509000000005046421006', '-46.5700', '2015-06-29', 1),
(40755, 4, 'SK5509000000005046421006', '-48.6800', '2015-07-02', 1),
(40756, 4, 'SK5509000000005046421006', '-56.3700', '2015-07-05', 1),
(40757, 4, 'SK5509000000005046421006', '-48.6800', '2015-07-08', 1),
(40758, 4, 'SK5509000000005046421006', '-44.6300', '2015-07-11', 1),
(40759, 4, 'SK5509000000005046421006', '1071.0000', '2015-07-14', 1),
(40760, 4, 'SK5509000000005046421006', '-44.6300', '2015-07-17', 1),
(40761, 4, 'SK5509000000005046421006', '-56.3700', '2015-07-20', 1),
(40762, 4, 'SK5509000000005046421006', '-46.5700', '2015-07-23', 1),
(40763, 4, 'SK5509000000005046421006', '-46.5700', '2015-07-26', 1),
(40764, 4, 'SK5509000000005046421006', '-51.0000', '2015-07-29', 1),
(40765, 4, 'SK5509000000005046421006', '-66.9400', '2015-08-01', 1),
(40766, 4, 'SK5509000000005046421006', '-46.5700', '2015-08-04', 1),
(40767, 4, 'SK5509000000005046421006', '-44.6300', '2015-08-07', 1),
(40768, 4, 'SK5509000000005046421006', '-48.6800', '2015-08-10', 1),
(40769, 4, 'SK5509000000005046421006', '1071.0000', '2015-08-13', 1),
(40770, 4, 'SK5509000000005046421006', '-59.5000', '2015-08-16', 1),
(40771, 4, 'SK5509000000005046421006', '-63.0000', '2015-08-19', 1),
(40772, 4, 'SK5509000000005046421006', '-51.0000', '2015-08-22', 1),
(40773, 4, 'SK5509000000005046421006', '-71.4000', '2015-08-25', 1),
(40774, 4, 'SK5509000000005046421006', '-56.3700', '2015-08-28', 1),
(40775, 4, 'SK5509000000005046421006', '-48.6800', '2015-08-31', 1),
(40776, 4, 'SK5509000000005046421006', '-48.6800', '2015-09-03', 1),
(40777, 4, 'SK5509000000005046421006', '-46.5700', '2015-09-06', 1),
(40778, 4, 'SK5509000000005046421006', '-44.6300', '2015-09-09', 1),
(40779, 4, 'SK5509000000005046421006', '1071.0000', '2015-09-12', 1),
(40780, 4, 'SK5509000000005046421006', '-267.7500', '2015-09-15', 1),
(40781, 4, 'SK5509000000005046421006', '-56.3700', '2015-09-18', 1),
(40782, 4, 'SK5509000000005046421006', '-59.5000', '2015-09-21', 1),
(40783, 4, 'SK5509000000005046421006', '-66.9400', '2015-09-24', 1),
(40784, 4, 'SK5509000000005046421006', '-46.5700', '2015-09-27', 1),
(40785, 4, 'SK5509000000005046421006', '-66.9400', '2015-09-30', 1),
(40786, 4, 'SK5509000000005046421006', '-56.3700', '2015-10-03', 1),
(40787, 4, 'SK5509000000005046421006', '-59.5000', '2015-10-06', 1),
(40788, 4, 'SK5509000000005046421006', '-44.6300', '2015-10-09', 1),
(40789, 4, 'SK5509000000005046421006', '1071.0000', '2015-10-12', 1),
(40790, 4, 'SK5509000000005046421006', '-71.4000', '2015-10-15', 1),
(40791, 4, 'SK5509000000005046421006', '-51.0000', '2015-10-18', 1),
(40792, 4, 'SK5509000000005046421006', '-56.3700', '2015-10-21', 1),
(40793, 4, 'SK5509000000005046421006', '-59.5000', '2015-10-24', 1),
(40794, 4, 'SK5509000000005046421006', '-53.5500', '2015-10-27', 1),
(40795, 4, 'SK5509000000005046421006', '-48.6800', '2015-10-30', 1),
(40796, 4, 'SK5509000000005046421006', '-56.3700', '2015-11-02', 1),
(40797, 4, 'SK5509000000005046421006', '-46.5700', '2015-11-05', 1),
(40798, 4, 'SK5509000000005046421006', '-46.5700', '2015-11-08', 1),
(40799, 4, 'SK5509000000005046421006', '-51.0000', '2015-11-11', 1),
(40800, 4, 'SK5509000000005046421006', '1071.0000', '2015-11-14', 1),
(40801, 4, 'SK5509000000005046421006', '-63.0000', '2015-11-17', 1),
(40802, 4, 'SK5509000000005046421006', '-56.3700', '2015-11-20', 1),
(40803, 4, 'SK5509000000005046421006', '-56.3700', '2015-11-23', 1),
(40804, 4, 'SK5509000000005046421006', '-63.0000', '2015-11-26', 1),
(40805, 4, 'SK5509000000005046421006', '-53.5500', '2015-11-29', 1),
(40806, 5, 'SK5509000000005046421006', '-37.6000', '2014-12-01', 1),
(40807, 5, 'SK5509000000005046421006', '-23.5000', '2014-12-04', 1),
(40808, 5, 'SK5509000000005046421006', '-35.2500', '2014-12-07', 1),
(40809, 5, 'SK5509000000005046421006', '-35.2500', '2014-12-10', 1),
(40810, 5, 'SK5509000000005046421006', '564.0000', '2014-12-13', 1),
(40811, 5, 'SK5509000000005046421006', '-24.5200', '2014-12-16', 1),
(40812, 5, 'SK5509000000005046421006', '-35.2500', '2014-12-19', 1),
(40813, 5, 'SK5509000000005046421006', '-37.6000', '2014-12-22', 1),
(40814, 5, 'SK5509000000005046421006', '-31.3300', '2014-12-25', 1),
(40815, 5, 'SK5509000000005046421006', '-35.2500', '2014-12-28', 1),
(40816, 5, 'SK5509000000005046421006', '-28.2000', '2014-12-31', 1),
(40817, 5, 'SK5509000000005046421006', '-23.5000', '2015-01-03', 1),
(40818, 5, 'SK5509000000005046421006', '-24.5200', '2015-01-06', 1),
(40819, 5, 'SK5509000000005046421006', '-24.5200', '2015-01-09', 1),
(40820, 5, 'SK5509000000005046421006', '564.0000', '2015-01-12', 1),
(40821, 5, 'SK5509000000005046421006', '-28.2000', '2015-01-15', 1),
(40822, 5, 'SK5509000000005046421006', '-26.8600', '2015-01-18', 1),
(40823, 5, 'SK5509000000005046421006', '-31.3300', '2015-01-21', 1),
(40824, 5, 'SK5509000000005046421006', '-29.6800', '2015-01-24', 1),
(40825, 5, 'SK5509000000005046421006', '-23.5000', '2015-01-27', 1),
(40826, 5, 'SK5509000000005046421006', '-37.6000', '2015-01-30', 1),
(40827, 5, 'SK5509000000005046421006', '-26.8600', '2015-02-02', 1),
(40828, 5, 'SK5509000000005046421006', '-28.2000', '2015-02-05', 1),
(40829, 5, 'SK5509000000005046421006', '-25.6400', '2015-02-08', 1),
(40830, 5, 'SK5509000000005046421006', '-25.6400', '2015-02-11', 1),
(40831, 5, 'SK5509000000005046421006', '564.0000', '2015-02-14', 1),
(40832, 5, 'SK5509000000005046421006', '-33.1800', '2015-02-17', 1),
(40833, 5, 'SK5509000000005046421006', '-24.5200', '2015-02-20', 1),
(40834, 5, 'SK5509000000005046421006', '-31.3300', '2015-02-23', 1),
(40835, 5, 'SK5509000000005046421006', '-24.5200', '2015-02-26', 1),
(40836, 5, 'SK5509000000005046421006', '-23.5000', '2015-03-01', 1),
(40837, 5, 'SK5509000000005046421006', '-37.6000', '2015-03-04', 1),
(40838, 5, 'SK5509000000005046421006', '-23.5000', '2015-03-07', 1),
(40839, 5, 'SK5509000000005046421006', '-28.2000', '2015-03-10', 1),
(40840, 5, 'SK5509000000005046421006', '564.0000', '2015-03-13', 1),
(40841, 5, 'SK5509000000005046421006', '-23.5000', '2015-03-16', 1),
(40842, 5, 'SK5509000000005046421006', '-26.8600', '2015-03-19', 1),
(40843, 5, 'SK5509000000005046421006', '-29.6800', '2015-03-22', 1),
(40844, 5, 'SK5509000000005046421006', '-26.8600', '2015-03-25', 1),
(40845, 5, 'SK5509000000005046421006', '-37.6000', '2015-03-28', 1),
(40846, 5, 'SK5509000000005046421006', '-33.1800', '2015-03-31', 1),
(40847, 5, 'SK5509000000005046421006', '-23.5000', '2015-04-03', 1),
(40848, 5, 'SK5509000000005046421006', '-35.2500', '2015-04-06', 1),
(40849, 5, 'SK5509000000005046421006', '-24.5200', '2015-04-09', 1),
(40850, 5, 'SK5509000000005046421006', '564.0000', '2015-04-12', 1),
(40851, 5, 'SK5509000000005046421006', '-26.8600', '2015-04-15', 1),
(40852, 5, 'SK5509000000005046421006', '-25.6400', '2015-04-18', 1),
(40853, 5, 'SK5509000000005046421006', '-24.5200', '2015-04-21', 1),
(40854, 5, 'SK5509000000005046421006', '-26.8600', '2015-04-24', 1),
(40855, 5, 'SK5509000000005046421006', '-37.6000', '2015-04-27', 1),
(40856, 5, 'SK5509000000005046421006', '-28.2000', '2015-04-30', 1),
(40857, 5, 'SK5509000000005046421006', '-23.5000', '2015-05-03', 1),
(40858, 5, 'SK5509000000005046421006', '-37.6000', '2015-05-06', 1),
(40859, 5, 'SK5509000000005046421006', '-29.6800', '2015-05-09', 1),
(40860, 5, 'SK5509000000005046421006', '564.0000', '2015-05-12', 1),
(40861, 5, 'SK5509000000005046421006', '-24.5200', '2015-05-15', 1),
(40862, 5, 'SK5509000000005046421006', '-33.1800', '2015-05-18', 1),
(40863, 5, 'SK5509000000005046421006', '-37.6000', '2015-05-21', 1),
(40864, 5, 'SK5509000000005046421006', '-33.1800', '2015-05-24', 1),
(40865, 5, 'SK5509000000005046421006', '-37.6000', '2015-05-27', 1),
(40866, 5, 'SK5509000000005046421006', '-29.6800', '2015-05-30', 1),
(40867, 5, 'SK5509000000005046421006', '-33.1800', '2015-06-02', 1),
(40868, 5, 'SK5509000000005046421006', '-23.5000', '2015-06-05', 1),
(40869, 5, 'SK5509000000005046421006', '-31.3300', '2015-06-08', 1),
(40870, 5, 'SK5509000000005046421006', '-26.8600', '2015-06-11', 1),
(40871, 5, 'SK5509000000005046421006', '564.0000', '2015-06-14', 1),
(40872, 5, 'SK5509000000005046421006', '-29.6800', '2015-06-17', 1),
(40873, 5, 'SK5509000000005046421006', '-31.3300', '2015-06-20', 1),
(40874, 5, 'SK5509000000005046421006', '-33.1800', '2015-06-23', 1),
(40875, 5, 'SK5509000000005046421006', '-33.1800', '2015-06-26', 1),
(40876, 5, 'SK5509000000005046421006', '-31.3300', '2015-06-29', 1),
(40877, 5, 'SK5509000000005046421006', '-31.3300', '2015-07-02', 1),
(40878, 5, 'SK5509000000005046421006', '-24.5200', '2015-07-05', 1),
(40879, 5, 'SK5509000000005046421006', '-35.2500', '2015-07-08', 1),
(40880, 5, 'SK5509000000005046421006', '-31.3300', '2015-07-11', 1),
(40881, 5, 'SK5509000000005046421006', '564.0000', '2015-07-14', 1),
(40882, 5, 'SK5509000000005046421006', '-25.6400', '2015-07-17', 1),
(40883, 5, 'SK5509000000005046421006', '-29.6800', '2015-07-20', 1),
(40884, 5, 'SK5509000000005046421006', '-23.5000', '2015-07-23', 1),
(40885, 5, 'SK5509000000005046421006', '-24.5200', '2015-07-26', 1),
(40886, 5, 'SK5509000000005046421006', '-35.2500', '2015-07-29', 1),
(40887, 5, 'SK5509000000005046421006', '-37.6000', '2015-08-01', 1),
(40888, 5, 'SK5509000000005046421006', '-23.5000', '2015-08-04', 1),
(40889, 5, 'SK5509000000005046421006', '-31.3300', '2015-08-07', 1),
(40890, 5, 'SK5509000000005046421006', '-29.6800', '2015-08-10', 1);

-- --------------------------------------------------------

--
-- Štruktúra tabuľky pre tabuľku `Ucet`
--

CREATE TABLE IF NOT EXISTS `Ucet` (
  `ID` int(10) NOT NULL AUTO_INCREMENT,
  `KlientID` int(10) NOT NULL,
  `Nazov` int(20) NOT NULL,
  `Zostatok` decimal(19,4) NOT NULL,
  `C_uctu` varchar(24) COLLATE utf8_slovak_ci NOT NULL,
  `Spor` tinyint(1) NOT NULL,
  PRIMARY KEY (`ID`),
  UNIQUE KEY `C_uctu` (`C_uctu`),
  KEY `KlientID` (`KlientID`)
) ENGINE=MyISAM  DEFAULT CHARSET=utf8 COLLATE=utf8_slovak_ci AUTO_INCREMENT=100085 ;

--
-- Sťahujem dáta pre tabuľku `Ucet`
--

INSERT INTO `Ucet` (`ID`, `KlientID`, `Nazov`, `Zostatok`, `C_uctu`, `Spor`) VALUES
(2, 2, 1867891426, '8414.8100', '1521259540', 0),
(3, 3, 242890203, '6766.0000', '1022281359', 1),
(4, 4, 1209393552, '8732.9000', '1185537322', 0),
(5, 5, 1709697460, '4076.8400', '1864097664', 1);

-- --------------------------------------------------------

--
-- Štruktúra tabuľky pre tabuľku `Uvery`
--

CREATE TABLE IF NOT EXISTS `Uvery` (
  `ID` int(10) NOT NULL AUTO_INCREMENT,
  `Nazov` varchar(20) COLLATE utf8_slovak_ci NOT NULL,
  `Bonus_naManzelku` decimal(19,4) NOT NULL,
  `Bonus_naDieta` decimal(19,4) NOT NULL,
  PRIMARY KEY (`ID`)
) ENGINE=MyISAM  DEFAULT CHARSET=utf8 COLLATE=utf8_slovak_ci AUTO_INCREMENT=1988411 ;

/*!40101 SET CHARACTER_SET_CLIENT=@OLD_CHARACTER_SET_CLIENT */;
/*!40101 SET CHARACTER_SET_RESULTS=@OLD_CHARACTER_SET_RESULTS */;
/*!40101 SET COLLATION_CONNECTION=@OLD_COLLATION_CONNECTION */;
